颜色,价格,尺码,宽度,库存
Red,$29.99,5,M (B),out of stock
Red,$29.99,5,W (C),out of stock
Red,$29.99,5.5,M (B),out of stock
Red,$29.99,5.5,W (C),out of stock
Red,$29.99,6,M (B),out of stock
Red,$29.99,6,W (C),Only 1 left in stock
Red,$29.99,6.5,M (B),out of stock
Red,$29.99,6.5,W (C),out of stock
Red,$29.99,7,M (B),out of stock
Red,$29.99,7,W (C),out of stock
Red,$29.99,7.5,M (B),out of stock
Red,$29.99,7.5,W (C),out of stock
Red,$29.99,8,M (B),out of stock
Red,$29.99,8,W (C),out of stock
Red,$29.99,8.5,M (B),out of stock
Red,$29.99,8.5,W (C),out of stock
Red,$29.99,9,M (B),out of stock
Red,$29.99,9,W (C),out of stock
Red,$29.99,9.5,M (B),out of stock
Red,$29.99,9.5,W (C),out of stock
Red,$29.99,10,M (B),out of stock
Red,$29.99,10,W (C),out of stock
Red,$29.99,11,M (B),out of stock
Red,$29.99,11,W (C),out of stock
Black,$29.99,5,M (B),out of stock
Black,$29.99,5,W (C),out of stock
Black,$29.99,5.5,M (B),out of stock
Black,$29.99,5.5,W (C),out of stock
Black,$29.99,6,M (B),out of stock
Black,$29.99,6,W (C),Only 2 left in stock
Black,$29.99,6.5,M (B),Only 1 left in stock
Black,$29.99,6.5,W (C),out of stock
Black,$29.99,7,M (B),out of stock
Black,$29.99,7,W (C),out of stock
Black,$29.99,7.5,M (B),out of stock
Black,$29.99,7.5,W (C),Only 2 left in stock
Black,$29.99,8,M (B),Only 2 left in stock
Black,$29.99,8,W (C),out of stock
Black,$29.99,8.5,M (B),Only 1 left in stock
Black,$29.99,8.5,W (C),out of stock
Black,$29.99,9,M (B),out of stock
Black,$29.99,9,W (C),out of stock
Black,$29.99,9.5,M (B),out of stock
Black,$29.99,9.5,W (C),out of stock
Black,$29.99,10,M (B),out of stock
Black,$29.99,10,W (C),out of stock
Black,$29.99,11,M (B),out of stock
Black,$29.99,11,W (C),out of stock
Taupe,$29.99,5,M (B),out of stock
Taupe,$29.99,5,W (C),out of stock
Taupe,$29.99,5.5,M (B),out of stock
Taupe,$29.99,5.5,W (C),out of stock
Taupe,$29.99,6,M (B),out of stock
Taupe,$29.99,6,W (C),Only 1 left in stock
Taupe,$29.99,6.5,M (B),out of stock
Taupe,$29.99,6.5,W (C),out of stock
Taupe,$29.99,7,M (B),out of stock
Taupe,$29.99,7,W (C),Only 4 left in stock
Taupe,$29.99,7.5,M (B),out of stock
Taupe,$29.99,7.5,W (C),out of stock
Taupe,$29.99,8,M (B),out of stock
Taupe,$29.99,8,W (C),out of stock
Taupe,$29.99,8.5,M (B),out of stock
Taupe,$29.99,8.5,W (C),Only 1 left in stock
Taupe,$29.99,9,M (B),out of stock
Taupe,$29.99,9,W (C),out of stock
Taupe,$29.99,9.5,M (B),out of stock
Taupe,$29.99,9.5,W (C),out of stock
Taupe,$29.99,10,M (B),Only 1 left in stock
Taupe,$29.99,10,W (C),out of stock
Taupe,$29.99,11,M (B),out of stock
Taupe,$29.99,11,W (C),Only 1 left in stock
Dark Red,$27.99,5,M (B),Only 3 left in stock
Dark Red,$27.99,5,W (C),out of stock
Dark Red,$27.99,5.5,M (B),Only 3 left in stock
Dark Red,$27.99,5.5,W (C),out of stock
Dark Red,$27.99,6,M (B),Only 4 left in stock
Dark Red,$27.99,6,W (C),Only 3 left in stock
Dark Red,$27.99,6.5,M (B),Only 5 left in stock
Dark Red,$27.99,6.5,W (C),Only 2 left in stock
Dark Red,$27.99,7,M (B),Only 6 left in stock
Dark Red,$27.99,7,W (C),Only 5 left in stock
Dark Red,$27.99,7.5,M (B),Only 7 left in stock
Dark Red,$27.99,7.5,W (C),Only 4 left in stock
Dark Red,$27.99,8,M (B),Only 9 left in stock
Dark Red,$27.99,8,W (C),Only 5 left in stock
Dark Red,$27.99,8.5,M (B),Only 8 left in stock
Dark Red,$27.99,8.5,W (C),Only 6 left in stock
Dark Red,$27.99,9,M (B),Only 7 left in stock
Dark Red,$27.99,9,W (C),Only 6 left in stock
Dark Red,$27.99,9.5,M (B),Only 4 left in stock
Dark Red,$27.99,9.5,W (C),Only 3 left in stock
Dark Red,$27.99,10,M (B),Only 6 left in stock
Dark Red,$27.99,10,W (C),Only 4 left in stock
Dark Red,$27.99,11,M (B),Only 4 left in stock
Dark Red,$27.99,11,W (C),Only 3 left in stock
Black 2,$27.99,5,M (B),Only 2 left in stock
Black 2,$27.99,5,W (C),out of stock
Black 2,$27.99,5.5,M (B),Only 3 left in stock
Black 2,$27.99,5.5,W (C),out of stock
Black 2,$27.99,6,M (B),Only 5 left in stock
Black 2,$27.99,6,W (C),Only 3 left in stock
Black 2,$27.99,6.5,M (B),Only 3 left in stock
Black 2,$27.99,6.5,W (C),Only 3 left in stock
Black 2,$27.99,7,M (B),Only 6 left in stock
Black 2,$27.99,7,W (C),Only 4 left in stock
Black 2,$27.99,7.5,M (B),Only 5 left in stock
Black 2,$27.99,7.5,W (C),Only 4 left in stock
Black 2,$27.99,8,M (B),Only 8 left in stock
Black 2,$27.99,8,W (C),Only 4 left in stock
Black 2,$27.99,8.5,M (B),Only 5 left in stock
Black 2,$27.99,8.5,W (C),Only 5 left in stock
Black 2,$27.99,9,M (B),Only 6 left in stock
Black 2,$27.99,9,W (C),Only 5 left in stock
Black 2,$27.99,9.5,M (B),Only 2 left in stock
Black 2,$27.99,9.5,W (C),Only 2 left in stock
Black 2,$27.99,10,M (B),Only 6 left in stock
Black 2,$27.99,10,W (C),Only 4 left in stock
Black 2,$27.99,11,M (B),Only 5 left in stock
Black 2,$27.99,11,W (C),Only 3 left in stock
Navy,$27.99,5,M (B),Only 1 left in stock
Navy,$27.99,5,W (C),out of stock
Navy,$27.99,5.5,M (B),Only 3 left in stock
Navy,$27.99,5.5,W (C),out of stock
Navy,$27.99,6,M (B),Only 5 left in stock
Navy,$27.99,6,W (C),Only 3 left in stock
Navy,$27.99,6.5,M (B),Only 1 left in stock
Navy,$27.99,6.5,W (C),Only 3 left in stock
Navy,$27.99,7,M (B),Only 6 left in stock
Navy,$27.99,7,W (C),Only 5 left in stock
Navy,$27.99,7.5,M (B),Only 8 left in stock
Navy,$27.99,7.5,W (C),Only 5 left in stock
Navy,$27.99,8,M (B),Only 5 left in stock
Navy,$27.99,8,W (C),Only 4 left in stock
Navy,$27.99,8.5,M (B),Only 7 left in stock
Navy,$27.99,8.5,W (C),Only 6 left in stock
Navy,$27.99,9,M (B),Only 6 left in stock
Navy,$27.99,9,W (C),Only 6 left in stock
Navy,$27.99,9.5,M (B),Only 4 left in stock
Navy,$27.99,9.5,W (C),Only 1 left in stock
Navy,$27.99,10,M (B),Only 5 left in stock
Navy,$27.99,10,W (C),Only 3 left in stock
Navy,$27.99,11,M (B),Only 3 left in stock
Navy,$27.99,11,W (C),Only 3 left in stock
